{
	"BUILD_DIR" : "C:/Users/Andrei/Desktop/build-KotlinEditor-Desktop_Qt_6_6_1_MinGW_64_bit-Release/appKotlinEditor_autogen",
	"CMAKE_BINARY_DIR" : "C:/Users/Andrei/Desktop/build-KotlinEditor-Desktop_Qt_6_6_1_MinGW_64_bit-Release",
	"CMAKE_CURRENT_BINARY_DIR" : "C:/Users/Andrei/Desktop/build-KotlinEditor-Desktop_Qt_6_6_1_MinGW_64_bit-Release",
	"CMAKE_CURRENT_SOURCE_DIR" : "C:/Users/Andrei/Desktop/KotlinEditor",
	"CMAKE_SOURCE_DIR" : "C:/Users/Andrei/Desktop/KotlinEditor",
	"INCLUDE_DIR" : "C:/Users/Andrei/Desktop/build-KotlinEditor-Desktop_Qt_6_6_1_MinGW_64_bit-Release/appKotlinEditor_autogen/include",
	"INPUTS" : 
	[
		"C:/Users/Andrei/Desktop/KotlinEditor/assets/JetBrainsMono-BoldItalic.ttf",
		"C:/Users/Andrei/Desktop/KotlinEditor/assets/JetBrainsMono-ThinItalic.ttf",
		"C:/Users/Andrei/Desktop/KotlinEditor/assets/JetBrainsMono-MediumItalic.ttf",
		"C:/Users/Andrei/Desktop/KotlinEditor/assets/JetBrainsMono-Italic.ttf",
		"C:/Users/Andrei/Desktop/KotlinEditor/assets/JetBrainsMono-Bold.ttf",
		"C:/Users/Andrei/Desktop/KotlinEditor/assets/JetBrainsMono-SemiBoldItalic.ttf",
		"C:/Users/Andrei/Desktop/KotlinEditor/assets/JetBrainsMono-LightItalic.ttf",
		"C:/Users/Andrei/Desktop/KotlinEditor/assets/JetBrainsMono-ExtraLight.ttf",
		"C:/Users/Andrei/Desktop/KotlinEditor/assets/JetBrainsMono-ExtraBold.ttf",
		"C:/Users/Andrei/Desktop/KotlinEditor/assets/JetBrainsMono-Medium.ttf",
		"C:/Users/Andrei/Desktop/KotlinEditor/assets/JetBrainsMono-ExtraBoldItalic.ttf",
		"C:/Users/Andrei/Desktop/KotlinEditor/assets/JetBrainsMono-SemiBold.ttf",
		"C:/Users/Andrei/Desktop/KotlinEditor/assets/JetBrainsMono-Regular.ttf",
		"C:/Users/Andrei/Desktop/KotlinEditor/assets/JetBrainsMono-Light.ttf",
		"C:/Users/Andrei/Desktop/KotlinEditor/assets/JetBrainsMono-Thin.ttf",
		"C:/Users/Andrei/Desktop/KotlinEditor/assets/JetBrainsMono-ExtraLightItalic.ttf",
		"C:/Users/Andrei/Desktop/KotlinEditor/assets/ic_minimize.svg",
		"C:/Users/Andrei/Desktop/KotlinEditor/assets/ic_maximize_back.svg",
		"C:/Users/Andrei/Desktop/KotlinEditor/assets/ic_run.svg",
		"C:/Users/Andrei/Desktop/KotlinEditor/assets/ic_stop.svg",
		"C:/Users/Andrei/Desktop/KotlinEditor/assets/ic_close.svg",
		"C:/Users/Andrei/Desktop/KotlinEditor/assets/ic_maximize.svg"
	],
	"LOCK_FILE" : "C:/Users/Andrei/Desktop/build-KotlinEditor-Desktop_Qt_6_6_1_MinGW_64_bit-Release/CMakeFiles/appKotlinEditor_autogen.dir/AutoRcc_resources_EWIEGA46WW_Lock.lock",
	"MULTI_CONFIG" : false,
	"OPTIONS" : [ "-name", "resources" ],
	"OUTPUT_CHECKSUM" : "EWIEGA46WW",
	"OUTPUT_NAME" : "qrc_resources.cpp",
	"RCC_EXECUTABLE" : "C:/Qt/6.6.1/mingw_64/./bin/rcc.exe",
	"RCC_LIST_OPTIONS" : [ "--list" ],
	"SETTINGS_FILE" : "C:/Users/Andrei/Desktop/build-KotlinEditor-Desktop_Qt_6_6_1_MinGW_64_bit-Release/CMakeFiles/appKotlinEditor_autogen.dir/AutoRcc_resources_EWIEGA46WW_Used.txt",
	"SOURCE" : "C:/Users/Andrei/Desktop/KotlinEditor/resources.qrc",
	"VERBOSITY" : 0
}
