{
    "classes": [
        {
            "className": "FileHandler",
            "methods": [
                {
                    "access": "public",
                    "name": "saveFile",
                    "returnType": "bool"
                }
            ],
            "object": true,
            "properties": [
                {
                    "constant": false,
                    "designable": true,
                    "final": false,
                    "index": 0,
                    "name": "output",
                    "notify": "outputChanged",
                    "read": "getOutput",
                    "required": false,
                    "scriptable": true,
                    "stored": true,
                    "type": "QString",
                    "user": false,
                    "write": "setOutput"
                },
                {
                    "constant": false,
                    "designable": true,
                    "final": false,
                    "index": 1,
                    "name": "isBusy",
                    "notify": "isBusyChanged",
                    "read": "getIsBusy",
                    "required": false,
                    "scriptable": true,
                    "stored": true,
                    "type": "bool",
                    "user": false,
                    "write": "setIsBusy"
                },
                {
                    "constant": false,
                    "designable": true,
                    "final": false,
                    "index": 2,
                    "name": "script",
                    "notify": "scriptChanged",
                    "read": "getScript",
                    "required": false,
                    "scriptable": true,
                    "stored": true,
                    "type": "QString",
                    "user": false,
                    "write": "setScript"
                }
            ],
            "qualifiedClassName": "FileHandler",
            "signals": [
                {
                    "access": "public",
                    "name": "outputChanged",
                    "returnType": "void"
                },
                {
                    "access": "public",
                    "name": "isBusyChanged",
                    "returnType": "void"
                },
                {
                    "access": "public",
                    "name": "scriptChanged",
                    "returnType": "void"
                },
                {
                    "access": "public",
                    "arguments": [
                        {
                            "name": "text",
                            "type": "QString"
                        }
                    ],
                    "name": "inputChanged",
                    "returnType": "void"
                },
                {
                    "access": "public",
                    "name": "terminate",
                    "returnType": "void"
                }
            ],
            "slots": [
                {
                    "access": "public",
                    "arguments": [
                        {
                            "name": "text",
                            "type": "QString&"
                        }
                    ],
                    "name": "setOutput",
                    "returnType": "void"
                },
                {
                    "access": "public",
                    "name": "getOutput",
                    "returnType": "QString"
                },
                {
                    "access": "public",
                    "arguments": [
                        {
                            "name": "text",
                            "type": "QString"
                        }
                    ],
                    "name": "appendOutput",
                    "returnType": "void"
                },
                {
                    "access": "public",
                    "arguments": [
                        {
                            "name": "busy",
                            "type": "bool"
                        }
                    ],
                    "name": "setIsBusy",
                    "returnType": "void"
                },
                {
                    "access": "public",
                    "name": "getIsBusy",
                    "returnType": "bool"
                },
                {
                    "access": "public",
                    "arguments": [
                        {
                            "name": "text",
                            "type": "QString"
                        }
                    ],
                    "name": "setScript",
                    "returnType": "void"
                },
                {
                    "access": "public",
                    "name": "getScript",
                    "returnType": "QString"
                },
                {
                    "access": "public",
                    "arguments": [
                        {
                            "name": "obj",
                            "type": "QObject*"
                        }
                    ],
                    "name": "terminateProcess",
                    "returnType": "void"
                }
            ],
            "superClasses": [
                {
                    "access": "public",
                    "name": "QObject"
                }
            ]
        }
    ],
    "inputFile": "filehandler.h",
    "outputRevision": 68
}
