{
    "classes": [
        {
            "className": "Theme",
            "object": true,
            "properties": [
                {
                    "constant": true,
                    "designable": true,
                    "final": false,
                    "index": 0,
                    "name": "background",
                    "read": "background",
                    "required": false,
                    "scriptable": true,
                    "stored": true,
                    "type": "QColor",
                    "user": false
                },
                {
                    "constant": true,
                    "designable": true,
                    "final": false,
                    "index": 1,
                    "name": "currentLine",
                    "read": "currentLine",
                    "required": false,
                    "scriptable": true,
                    "stored": true,
                    "type": "QColor",
                    "user": false
                },
                {
                    "constant": true,
                    "designable": true,
                    "final": false,
                    "index": 2,
                    "name": "foreground",
                    "read": "foreground",
                    "required": false,
                    "scriptable": true,
                    "stored": true,
                    "type": "QColor",
                    "user": false
                },
                {
                    "constant": true,
                    "designable": true,
                    "final": false,
                    "index": 3,
                    "name": "comment",
                    "read": "comment",
                    "required": false,
                    "scriptable": true,
                    "stored": true,
                    "type": "QColor",
                    "user": false
                },
                {
                    "constant": true,
                    "designable": true,
                    "final": false,
                    "index": 4,
                    "name": "cyan",
                    "read": "cyan",
                    "required": false,
                    "scriptable": true,
                    "stored": true,
                    "type": "QColor",
                    "user": false
                },
                {
                    "constant": true,
                    "designable": true,
                    "final": false,
                    "index": 5,
                    "name": "green",
                    "read": "green",
                    "required": false,
                    "scriptable": true,
                    "stored": true,
                    "type": "QColor",
                    "user": false
                },
                {
                    "constant": true,
                    "designable": true,
                    "final": false,
                    "index": 6,
                    "name": "orange",
                    "read": "orange",
                    "required": false,
                    "scriptable": true,
                    "stored": true,
                    "type": "QColor",
                    "user": false
                },
                {
                    "constant": true,
                    "designable": true,
                    "final": false,
                    "index": 7,
                    "name": "pink",
                    "read": "pink",
                    "required": false,
                    "scriptable": true,
                    "stored": true,
                    "type": "QColor",
                    "user": false
                },
                {
                    "constant": true,
                    "designable": true,
                    "final": false,
                    "index": 8,
                    "name": "purple",
                    "read": "purple",
                    "required": false,
                    "scriptable": true,
                    "stored": true,
                    "type": "QColor",
                    "user": false
                },
                {
                    "constant": true,
                    "designable": true,
                    "final": false,
                    "index": 9,
                    "name": "red",
                    "read": "red",
                    "required": false,
                    "scriptable": true,
                    "stored": true,
                    "type": "QColor",
                    "user": false
                },
                {
                    "constant": true,
                    "designable": true,
                    "final": false,
                    "index": 10,
                    "name": "yellow",
                    "read": "yellow",
                    "required": false,
                    "scriptable": true,
                    "stored": true,
                    "type": "QColor",
                    "user": false
                }
            ],
            "qualifiedClassName": "Theme",
            "superClasses": [
                {
                    "access": "public",
                    "name": "QObject"
                }
            ]
        }
    ],
    "inputFile": "theme.h",
    "outputRevision": 68
}
