{
    "classes": [
        {
            "className": "SyntaxHandler",
            "methods": [
                {
                    "access": "public",
                    "arguments": [
                        {
                            "name": "path",
                            "type": "QString"
                        }
                    ],
                    "name": "openFile",
                    "returnType": "void"
                },
                {
                    "access": "public",
                    "arguments": [
                        {
                            "name": "document",
                            "type": "QQuickTextDocument*"
                        },
                        {
                            "name": "isOutput",
                            "type": "bool"
                        }
                    ],
                    "name": "setDocument",
                    "returnType": "void"
                }
            ],
            "object": true,
            "properties": [
                {
                    "constant": false,
                    "designable": true,
                    "final": false,
                    "index": 0,
                    "name": "text",
                    "notify": "textChanged",
                    "read": "getText",
                    "required": false,
                    "scriptable": true,
                    "stored": true,
                    "type": "QString",
                    "user": false,
                    "write": "setText"
                }
            ],
            "qualifiedClassName": "SyntaxHandler",
            "signals": [
                {
                    "access": "public",
                    "arguments": [
                        {
                            "name": "text",
                            "type": "QString"
                        }
                    ],
                    "name": "textChanged",
                    "returnType": "void"
                }
            ],
            "slots": [
                {
                    "access": "public",
                    "name": "getText",
                    "returnType": "QString"
                },
                {
                    "access": "public",
                    "arguments": [
                        {
                            "name": "text",
                            "type": "QString"
                        }
                    ],
                    "name": "setText",
                    "returnType": "void"
                }
            ],
            "superClasses": [
                {
                    "access": "public",
                    "name": "QObject"
                }
            ]
        }
    ],
    "inputFile": "syntaxhandler.h",
    "outputRevision": 68
}
