{
    "classes": [
        {
            "className": "ProcessHandler",
            "object": true,
            "qualifiedClassName": "ProcessHandler",
            "signals": [
                {
                    "access": "public",
                    "name": "userInputChanged",
                    "returnType": "void"
                },
                {
                    "access": "public",
                    "arguments": [
                        {
                            "name": "ph",
                            "type": "ProcessHandler*"
                        }
                    ],
                    "name": "processDone",
                    "returnType": "void"
                }
            ],
            "slots": [
                {
                    "access": "public",
                    "arguments": [
                        {
                            "name": "cwd",
                            "type": "QString"
                        },
                        {
                            "name": "script",
                            "type": "QString"
                        }
                    ],
                    "name": "runScript",
                    "returnType": "void"
                },
                {
                    "access": "public",
                    "arguments": [
                        {
                            "name": "text",
                            "type": "QString"
                        }
                    ],
                    "name": "writeOut",
                    "returnType": "void"
                },
                {
                    "access": "public",
                    "name": "terminateEarly",
                    "returnType": "void"
                },
                {
                    "access": "private",
                    "arguments": [
                        {
                            "name": "exitCode",
                            "type": "int"
                        },
                        {
                            "name": "exitStatus",
                            "type": "QProcess::ExitStatus"
                        }
                    ],
                    "name": "processFinished",
                    "returnType": "void"
                },
                {
                    "access": "private",
                    "arguments": [
                        {
                            "name": "error",
                            "type": "QProcess::ProcessError"
                        }
                    ],
                    "name": "processError",
                    "returnType": "void"
                },
                {
                    "access": "private",
                    "name": "processOutputUpdate",
                    "returnType": "void"
                }
            ],
            "superClasses": [
                {
                    "access": "public",
                    "name": "QObject"
                }
            ]
        }
    ],
    "inputFile": "processhandler.h",
    "outputRevision": 68
}
