[
    {
        "classes": [
            {
                "className": "CursorHandler",
                "methods": [
                    {
                        "access": "public",
                        "arguments": [
                            {
                                "name": "inputPane",
                                "type": "QQuickItem*"
                            }
                        ],
                        "name": "setInput",
                        "returnType": "void"
                    },
                    {
                        "access": "public",
                        "arguments": [
                            {
                                "name": "outputPane",
                                "type": "QQuickItem*"
                            }
                        ],
                        "name": "setOutput",
                        "returnType": "void"
                    }
                ],
                "object": true,
                "properties": [
                    {
                        "constant": false,
                        "designable": true,
                        "final": false,
                        "index": 0,
                        "name": "position",
                        "notify": "positionChanged",
                        "read": "getPosition",
                        "required": false,
                        "scriptable": true,
                        "stored": true,
                        "type": "int",
                        "user": false,
                        "write": "setPosition"
                    }
                ],
                "qualifiedClassName": "CursorHandler",
                "signals": [
                    {
                        "access": "public",
                        "name": "positionChanged",
                        "returnType": "void"
                    }
                ],
                "slots": [
                    {
                        "access": "public",
                        "name": "getPosition",
                        "returnType": "int"
                    },
                    {
                        "access": "public",
                        "arguments": [
                            {
                                "name": "pos",
                                "type": "int"
                            }
                        ],
                        "name": "setPosition",
                        "returnType": "void"
                    },
                    {
                        "access": "private",
                        "name": "onPositionChanged",
                        "returnType": "void"
                    }
                ],
                "superClasses": [
                    {
                        "access": "public",
                        "name": "QObject"
                    }
                ]
            }
        ],
        "inputFile": "cursorhandler.h",
        "outputRevision": 68
    },
    {
        "classes": [
            {
                "className": "FileHandler",
                "methods": [
                    {
                        "access": "public",
                        "name": "saveFile",
                        "returnType": "bool"
                    }
                ],
                "object": true,
                "properties": [
                    {
                        "constant": false,
                        "designable": true,
                        "final": false,
                        "index": 0,
                        "name": "output",
                        "notify": "outputChanged",
                        "read": "getOutput",
                        "required": false,
                        "scriptable": true,
                        "stored": true,
                        "type": "QString",
                        "user": false,
                        "write": "setOutput"
                    },
                    {
                        "constant": false,
                        "designable": true,
                        "final": false,
                        "index": 1,
                        "name": "isBusy",
                        "notify": "isBusyChanged",
                        "read": "getIsBusy",
                        "required": false,
                        "scriptable": true,
                        "stored": true,
                        "type": "bool",
                        "user": false,
                        "write": "setIsBusy"
                    },
                    {
                        "constant": false,
                        "designable": true,
                        "final": false,
                        "index": 2,
                        "name": "script",
                        "notify": "scriptChanged",
                        "read": "getScript",
                        "required": false,
                        "scriptable": true,
                        "stored": true,
                        "type": "QString",
                        "user": false,
                        "write": "setScript"
                    }
                ],
                "qualifiedClassName": "FileHandler",
                "signals": [
                    {
                        "access": "public",
                        "name": "outputChanged",
                        "returnType": "void"
                    },
                    {
                        "access": "public",
                        "name": "isBusyChanged",
                        "returnType": "void"
                    },
                    {
                        "access": "public",
                        "name": "scriptChanged",
                        "returnType": "void"
                    },
                    {
                        "access": "public",
                        "arguments": [
                            {
                                "name": "text",
                                "type": "QString"
                            }
                        ],
                        "name": "inputChanged",
                        "returnType": "void"
                    },
                    {
                        "access": "public",
                        "name": "terminate",
                        "returnType": "void"
                    }
                ],
                "slots": [
                    {
                        "access": "public",
                        "arguments": [
                            {
                                "name": "text",
                                "type": "QString&"
                            }
                        ],
                        "name": "setOutput",
                        "returnType": "void"
                    },
                    {
                        "access": "public",
                        "name": "getOutput",
                        "returnType": "QString"
                    },
                    {
                        "access": "public",
                        "arguments": [
                            {
                                "name": "text",
                                "type": "QString"
                            }
                        ],
                        "name": "appendOutput",
                        "returnType": "void"
                    },
                    {
                        "access": "public",
                        "arguments": [
                            {
                                "name": "busy",
                                "type": "bool"
                            }
                        ],
                        "name": "setIsBusy",
                        "returnType": "void"
                    },
                    {
                        "access": "public",
                        "name": "getIsBusy",
                        "returnType": "bool"
                    },
                    {
                        "access": "public",
                        "arguments": [
                            {
                                "name": "text",
                                "type": "QString"
                            }
                        ],
                        "name": "setScript",
                        "returnType": "void"
                    },
                    {
                        "access": "public",
                        "name": "getScript",
                        "returnType": "QString"
                    },
                    {
                        "access": "public",
                        "arguments": [
                            {
                                "name": "obj",
                                "type": "QObject*"
                            }
                        ],
                        "name": "terminateProcess",
                        "returnType": "void"
                    }
                ],
                "superClasses": [
                    {
                        "access": "public",
                        "name": "QObject"
                    }
                ]
            }
        ],
        "inputFile": "filehandler.h",
        "outputRevision": 68
    },
    {
        "classes": [
            {
                "className": "Highlighter",
                "object": true,
                "qualifiedClassName": "Highlighter",
                "superClasses": [
                    {
                        "access": "public",
                        "name": "QSyntaxHighlighter"
                    }
                ]
            }
        ],
        "inputFile": "highlighter.h",
        "outputRevision": 68
    },
    {
        "classes": [
            {
                "className": "Linker",
                "object": true,
                "qualifiedClassName": "Linker",
                "superClasses": [
                    {
                        "access": "public",
                        "name": "QSyntaxHighlighter"
                    }
                ]
            }
        ],
        "inputFile": "linker.h",
        "outputRevision": 68
    },
    {
        "classes": [
            {
                "className": "ProcessHandler",
                "object": true,
                "qualifiedClassName": "ProcessHandler",
                "signals": [
                    {
                        "access": "public",
                        "name": "userInputChanged",
                        "returnType": "void"
                    },
                    {
                        "access": "public",
                        "arguments": [
                            {
                                "name": "ph",
                                "type": "ProcessHandler*"
                            }
                        ],
                        "name": "processDone",
                        "returnType": "void"
                    }
                ],
                "slots": [
                    {
                        "access": "public",
                        "arguments": [
                            {
                                "name": "cwd",
                                "type": "QString"
                            },
                            {
                                "name": "script",
                                "type": "QString"
                            }
                        ],
                        "name": "runScript",
                        "returnType": "void"
                    },
                    {
                        "access": "public",
                        "arguments": [
                            {
                                "name": "text",
                                "type": "QString"
                            }
                        ],
                        "name": "writeOut",
                        "returnType": "void"
                    },
                    {
                        "access": "public",
                        "name": "terminateEarly",
                        "returnType": "void"
                    },
                    {
                        "access": "private",
                        "arguments": [
                            {
                                "name": "exitCode",
                                "type": "int"
                            },
                            {
                                "name": "exitStatus",
                                "type": "QProcess::ExitStatus"
                            }
                        ],
                        "name": "processFinished",
                        "returnType": "void"
                    },
                    {
                        "access": "private",
                        "arguments": [
                            {
                                "name": "error",
                                "type": "QProcess::ProcessError"
                            }
                        ],
                        "name": "processError",
                        "returnType": "void"
                    },
                    {
                        "access": "private",
                        "name": "processOutputUpdate",
                        "returnType": "void"
                    }
                ],
                "superClasses": [
                    {
                        "access": "public",
                        "name": "QObject"
                    }
                ]
            }
        ],
        "inputFile": "processhandler.h",
        "outputRevision": 68
    },
    {
        "classes": [
            {
                "className": "SyntaxHandler",
                "methods": [
                    {
                        "access": "public",
                        "arguments": [
                            {
                                "name": "path",
                                "type": "QString"
                            }
                        ],
                        "name": "openFile",
                        "returnType": "void"
                    },
                    {
                        "access": "public",
                        "arguments": [
                            {
                                "name": "document",
                                "type": "QQuickTextDocument*"
                            },
                            {
                                "name": "isOutput",
                                "type": "bool"
                            }
                        ],
                        "name": "setDocument",
                        "returnType": "void"
                    }
                ],
                "object": true,
                "properties": [
                    {
                        "constant": false,
                        "designable": true,
                        "final": false,
                        "index": 0,
                        "name": "text",
                        "notify": "textChanged",
                        "read": "getText",
                        "required": false,
                        "scriptable": true,
                        "stored": true,
                        "type": "QString",
                        "user": false,
                        "write": "setText"
                    }
                ],
                "qualifiedClassName": "SyntaxHandler",
                "signals": [
                    {
                        "access": "public",
                        "arguments": [
                            {
                                "name": "text",
                                "type": "QString"
                            }
                        ],
                        "name": "textChanged",
                        "returnType": "void"
                    }
                ],
                "slots": [
                    {
                        "access": "public",
                        "name": "getText",
                        "returnType": "QString"
                    },
                    {
                        "access": "public",
                        "arguments": [
                            {
                                "name": "text",
                                "type": "QString"
                            }
                        ],
                        "name": "setText",
                        "returnType": "void"
                    }
                ],
                "superClasses": [
                    {
                        "access": "public",
                        "name": "QObject"
                    }
                ]
            }
        ],
        "inputFile": "syntaxhandler.h",
        "outputRevision": 68
    },
    {
        "classes": [
            {
                "className": "Theme",
                "object": true,
                "properties": [
                    {
                        "constant": true,
                        "designable": true,
                        "final": false,
                        "index": 0,
                        "name": "background",
                        "read": "background",
                        "required": false,
                        "scriptable": true,
                        "stored": true,
                        "type": "QColor",
                        "user": false
                    },
                    {
                        "constant": true,
                        "designable": true,
                        "final": false,
                        "index": 1,
                        "name": "currentLine",
                        "read": "currentLine",
                        "required": false,
                        "scriptable": true,
                        "stored": true,
                        "type": "QColor",
                        "user": false
                    },
                    {
                        "constant": true,
                        "designable": true,
                        "final": false,
                        "index": 2,
                        "name": "foreground",
                        "read": "foreground",
                        "required": false,
                        "scriptable": true,
                        "stored": true,
                        "type": "QColor",
                        "user": false
                    },
                    {
                        "constant": true,
                        "designable": true,
                        "final": false,
                        "index": 3,
                        "name": "comment",
                        "read": "comment",
                        "required": false,
                        "scriptable": true,
                        "stored": true,
                        "type": "QColor",
                        "user": false
                    },
                    {
                        "constant": true,
                        "designable": true,
                        "final": false,
                        "index": 4,
                        "name": "cyan",
                        "read": "cyan",
                        "required": false,
                        "scriptable": true,
                        "stored": true,
                        "type": "QColor",
                        "user": false
                    },
                    {
                        "constant": true,
                        "designable": true,
                        "final": false,
                        "index": 5,
                        "name": "green",
                        "read": "green",
                        "required": false,
                        "scriptable": true,
                        "stored": true,
                        "type": "QColor",
                        "user": false
                    },
                    {
                        "constant": true,
                        "designable": true,
                        "final": false,
                        "index": 6,
                        "name": "orange",
                        "read": "orange",
                        "required": false,
                        "scriptable": true,
                        "stored": true,
                        "type": "QColor",
                        "user": false
                    },
                    {
                        "constant": true,
                        "designable": true,
                        "final": false,
                        "index": 7,
                        "name": "pink",
                        "read": "pink",
                        "required": false,
                        "scriptable": true,
                        "stored": true,
                        "type": "QColor",
                        "user": false
                    },
                    {
                        "constant": true,
                        "designable": true,
                        "final": false,
                        "index": 8,
                        "name": "purple",
                        "read": "purple",
                        "required": false,
                        "scriptable": true,
                        "stored": true,
                        "type": "QColor",
                        "user": false
                    },
                    {
                        "constant": true,
                        "designable": true,
                        "final": false,
                        "index": 9,
                        "name": "red",
                        "read": "red",
                        "required": false,
                        "scriptable": true,
                        "stored": true,
                        "type": "QColor",
                        "user": false
                    },
                    {
                        "constant": true,
                        "designable": true,
                        "final": false,
                        "index": 10,
                        "name": "yellow",
                        "read": "yellow",
                        "required": false,
                        "scriptable": true,
                        "stored": true,
                        "type": "QColor",
                        "user": false
                    }
                ],
                "qualifiedClassName": "Theme",
                "superClasses": [
                    {
                        "access": "public",
                        "name": "QObject"
                    }
                ]
            }
        ],
        "inputFile": "theme.h",
        "outputRevision": 68
    }
]
